"GEO_ID","POPGROUP","POPGROUP_TTL","NAME","B19013_001E","B19013_001M"
"id","Race/Ethnic Group","Population Groups","Geographic Area Name","Estimate!!Median household income in the past 12 months (in 2010 inflation-adjusted dollars)","Margin of Error!!Median household income in the past 12 months (in 2010 inflation-adjusted dollars)"
"0500000US19059","002","White alone","Dickinson County, Iowa","51284","2421"
"0500000US19113","012","Asian alone (400-499)","Linn County, Iowa","60115","18192"
"0500000US19115","002","White alone","Louisa County, Iowa","50827","2717"
"0500000US19179","070","Some other race alone","Wapello County, Iowa","50238","21917"
"0500000US19047","070","Some other race alone","Crawford County, Iowa","42174","14994"
"0500000US19049","002","White alone","Dallas County, Iowa","67609","2152"
"0500000US19045","004","Black or African American alone","Clinton County, Iowa","18854","14178"
"0500000US19169","070","Some other race alone","Story County, Iowa","40000","18149"
"0500000US19195","002","White alone","Worth County, Iowa","49653","2202"
"0500000US19197","002","White alone","Wright County, Iowa","44352","2045"
"0500000US19061","004","Black or African American alone","Dubuque County, Iowa","17302","5612"
"0500000US19163","070","Some other race alone","Scott County, Iowa","38036","8096"
"0500000US19193","012","Asian alone (400-499)","Woodbury County, Iowa","59479","3379"
"0500000US19167","002","White alone","Sioux County, Iowa","51980","1768"
"0500000US19077","002","White alone","Guthrie County, Iowa","50954","3406"
"0500000US19103","070","Some other race alone","Johnson County, Iowa","55543","20634"
"0500000US19189","002","White alone","Winnebago County, Iowa","42237","3002"
"0500000US19065","002","White alone","Fayette County, Iowa","41094","1332"
"0500000US19099","002","White alone","Jasper County, Iowa","46504","1499"
"0500000US19113","002","White alone","Linn County, Iowa","54746","1068"
"0500000US19181","002","White alone","Warren County, Iowa","62166","1972"
"0500000US19187","002","White alone","Webster County, Iowa","42041","1621"
"0500000US19121","002","White alone","Madison County, Iowa","53391","2984"
"0500000US19133","002","White alone","Monona County, Iowa","41613","2866"
"0500000US19013","070","Some other race alone","Black Hawk County, Iowa","32292","25889"
"0500000US19071","002","White alone","Fremont County, Iowa","46425","3985"
"0500000US19089","002","White alone","Howard County, Iowa","46141","2135"
"0500000US19093","002","White alone","Ida County, Iowa","44498","2446"
"0500000US19113","070","Some other race alone","Linn County, Iowa","49925","6023"
"0500000US19153","070","Some other race alone","Polk County, Iowa","37719","4424"
"0500000US19091","002","White alone","Humboldt County, Iowa","45748","2976"
"0500000US19127","070","Some other race alone","Marshall County, Iowa","37958","3622"
"0500000US19139","002","White alone","Muscatine County, Iowa","51440","1786"
"0500000US19101","002","White alone","Jefferson County, Iowa","45342","4708"
"0500000US19015","002","White alone","Boone County, Iowa","50230","2314"
"0500000US19109","002","White alone","Kossuth County, Iowa","48473","3074"
"0500000US19111","002","White alone","Lee County, Iowa","42784","1564"
"0500000US19141","002","White alone","O'Brien County, Iowa","44173","2118"
"0500000US19149","002","White alone","Plymouth County, Iowa","56360","3588"
"0500000US19013","004","Black or African American alone","Black Hawk County, Iowa","25030","2937"
"0500000US19017","002","White alone","Bremer County, Iowa","55138","2474"
"0500000US19155","004","Black or African American alone","Pottawattamie County, Iowa","39107","38581"
"0500000US19013","002","White alone","Black Hawk County, Iowa","46683","1350"
"0500000US19067","002","White alone","Floyd County, Iowa","39973","2381"
"0500000US19135","002","White alone","Monroe County, Iowa","43245","2666"
"0500000US19003","002","White alone","Adams County, Iowa","40000","4088"
"0500000US19081","002","White alone","Hancock County, Iowa","47258","4584"
"0500000US19103","012","Asian alone (400-499)","Johnson County, Iowa","44203","7145"
"0500000US19157","002","White alone","Poweshiek County, Iowa","51613","2784"
"0500000US19179","002","White alone","Wapello County, Iowa","40112","2167"
"0500000US19193","070","Some other race alone","Woodbury County, Iowa","36528","3839"
"0500000US19007","002","White alone","Appanoose County, Iowa","35210","2243"
"0500000US19019","002","White alone","Buchanan County, Iowa","52183","1832"
"0500000US19027","002","White alone","Carroll County, Iowa","47802","2662"
"0500000US19055","002","White alone","Delaware County, Iowa","47650","2712"
"0500000US19167","070","Some other race alone","Sioux County, Iowa","42500","24971"
"0500000US19193","004","Black or African American alone","Woodbury County, Iowa","35250","13144"
"0500000US19171","002","White alone","Tama County, Iowa","46774","2156"
"0500000US19147","002","White alone","Palo Alto County, Iowa","42849","3195"
"0500000US19163","002","White alone","Scott County, Iowa","52569","1169"
"0500000US19029","002","White alone","Cass County, Iowa","40648","1305"
"0500000US19025","002","White alone","Calhoun County, Iowa","41783","2569"
"0500000US19173","002","White alone","Taylor County, Iowa","40156","2147"
"0500000US19193","002","White alone","Woodbury County, Iowa","45880","1687"
"0500000US19031","002","White alone","Cedar County, Iowa","54400","2541"
"0500000US19139","070","Some other race alone","Muscatine County, Iowa","46587","21366"
"0500000US19155","070","Some other race alone","Pottawattamie County, Iowa","31400","2100"
"0500000US19163","012","Asian alone (400-499)","Scott County, Iowa","47308","11678"
"0500000US19075","002","White alone","Grundy County, Iowa","55882","3725"
"0500000US19005","002","White alone","Allamakee County, Iowa","46771","2364"
"0500000US19009","002","White alone","Audubon County, Iowa","42699","6682"
"0500000US19117","002","White alone","Lucas County, Iowa","42702","4009"
"0500000US19125","002","White alone","Marion County, Iowa","53143","2299"
"0500000US19171","070","Some other race alone","Tama County, Iowa","39803","5239"
"0500000US19183","002","White alone","Washington County, Iowa","50532","1657"
"0500000US19049","070","Some other race alone","Dallas County, Iowa","34658","7492"
"0500000US19137","002","White alone","Montgomery County, Iowa","39189","2557"
"0500000US19159","002","White alone","Ringgold County, Iowa","42993","4142"
"0500000US19033","002","White alone","Cerro Gordo County, Iowa","44786","1865"
"0500000US19073","002","White alone","Greene County, Iowa","43175","3037"
"0500000US19187","004","Black or African American alone","Webster County, Iowa","12123","6810"
"0500000US19097","002","White alone","Jackson County, Iowa","42989","3210"
"0500000US19145","002","White alone","Page County, Iowa","40928","3222"
"0500000US19193","006","American Indian and Alaska Native alone (300, A01-Z99)","Woodbury County, Iowa","18715","5809"
"0500000US19061","012","Asian alone (400-499)","Dubuque County, Iowa","56458","50461"
"0500000US19183","070","Some other race alone","Washington County, Iowa","52656","16829"
"0500000US19191","002","White alone","Winneshiek County, Iowa","50721","2035"
"0500000US19185","002","White alone","Wayne County, Iowa","35750","2266"
"0500000US19175","002","White alone","Union County, Iowa","41367","3397"
"0500000US19039","002","White alone","Clarke County, Iowa","45916","5420"
"0500000US19063","002","White alone","Emmet County, Iowa","42230","2540"
"0500000US19035","002","White alone","Cherokee County, Iowa","44576","2436"
"0500000US19119","002","White alone","Lyon County, Iowa","49535","2887"
"0500000US19153","012","Asian alone (400-499)","Polk County, Iowa","62232","5013"
"0500000US19095","002","White alone","Iowa County, Iowa","56096","2321"
"0500000US19169","002","White alone","Story County, Iowa","50168","1566"
"0500000US19043","002","White alone","Clayton County, Iowa","45993","2139"
"0500000US19107","002","White alone","Keokuk County, Iowa","42885","2848"
"0500000US19171","006","American Indian and Alaska Native alone (300, A01-Z99)","Tama County, Iowa","43750","13739"
"0500000US19013","012","Asian alone (400-499)","Black Hawk County, Iowa","58393","6306"
"0500000US19057","004","Black or African American alone","Des Moines County, Iowa","10222","2220"
"0500000US19131","002","White alone","Mitchell County, Iowa","48521","4259"
"0500000US19041","002","White alone","Clay County, Iowa","43573","2236"
"0500000US19045","002","White alone","Clinton County, Iowa","46790","1764"
"0500000US19153","002","White alone","Polk County, Iowa","58833","955"
"0500000US19001","002","White alone","Adair County, Iowa","45654","2771"
"0500000US19047","002","White alone","Crawford County, Iowa","44838","1601"
"0500000US19103","004","Black or African American alone","Johnson County, Iowa","16811","3023"
"0500000US19021","070","Some other race alone","Buena Vista County, Iowa","38557","3223"
"0500000US19079","002","White alone","Hamilton County, Iowa","45437","3427"
"0500000US19123","002","White alone","Mahaska County, Iowa","46131","2814"
"0500000US19155","002","White alone","Pottawattamie County, Iowa","49681","1691"
"0500000US19113","004","Black or African American alone","Linn County, Iowa","22425","3619"
"0500000US19169","012","Asian alone (400-499)","Story County, Iowa","35885","10362"
"0500000US19153","004","Black or African American alone","Polk County, Iowa","26725","4744"
"0500000US19049","012","Asian alone (400-499)","Dallas County, Iowa","88173","17316"
"0500000US19053","002","White alone","Decatur County, Iowa","37023","3792"
"0500000US19061","002","White alone","Dubuque County, Iowa","49283","1365"
"0500000US19103","002","White alone","Johnson County, Iowa","53899","1702"
"0500000US19163","004","Black or African American alone","Scott County, Iowa","25384","3250"
"0500000US19023","002","White alone","Butler County, Iowa","47894","2254"
"0500000US19129","002","White alone","Mills County, Iowa","60560","4387"
"0500000US19165","002","White alone","Shelby County, Iowa","44113","2612"
"0500000US19021","002","White alone","Buena Vista County, Iowa","44019","1831"
"0500000US19057","002","White alone","Des Moines County, Iowa","43160","1806"
"0500000US19083","002","White alone","Hardin County, Iowa","44894","2194"
"0500000US19161","002","White alone","Sac County, Iowa","42949","2730"
"0500000US19037","002","White alone","Chickasaw County, Iowa","41649","3029"
"0500000US19105","002","White alone","Jones County, Iowa","47566","3355"
"0500000US19127","002","White alone","Marshall County, Iowa","47181","2261"
"0500000US19051","002","White alone","Davis County, Iowa","46759","3031"
"0500000US19069","002","White alone","Franklin County, Iowa","45647","3531"
"0500000US19087","002","White alone","Henry County, Iowa","42480","1967"
"0500000US19085","002","White alone","Harrison County, Iowa","51455","1961"
"0500000US19111","004","Black or African American alone","Lee County, Iowa","32212","9110"
"0500000US19115","070","Some other race alone","Louisa County, Iowa","52100","12254"
"0500000US19169","004","Black or African American alone","Story County, Iowa","26913","13355"
"0500000US19177","002","White alone","Van Buren County, Iowa","40267","3036"
"0500000US19011","002","White alone","Benton County, Iowa","55087","2392"
"0500000US19143","002","White alone","Osceola County, Iowa","44745","5510"
"0500000US19153","006","American Indian and Alaska Native alone (300, A01-Z99)","Polk County, Iowa","40982","11630"
"0500000US19151","002","White alone","Pocahontas County, Iowa","42340","2712"
